,D,null_D,D05,D90
0,179750.25751503007,186508,131217.68798597195,245658.6852705411
