,ID,D,null_D,D05,D90
0,55.0,241190.19833266534,205794.0,179999.35171863728,237021.4788553106
