,ID,D,null_D,D05,D90,D99,D1
0,59.0,245649.02246092184,208476.0,,,240205.66344048097,181445.3006813627
0,60.0,221535.6319038076,209754.0,,,240357.8322084168,181392.7091302605
